match_id,source_a_asset_id,source_b_asset_id,source_a_file,source_b_file,source_a_page,source_a_sheet,source_a_row,source_b_page,source_b_sheet,source_b_row,source_a_field,source_b_field,application_a,application_b,application_no_equal,score,decision,match_origin
M-000001,A-000001,B-000001,source_a.pdf,source_b.pdf,5,,,5,,,(540) logo,(540) logo,T/2020/001084,T/2020/001084,True,1.0,EXACT_VISUAL_IDENTITY,identical_source_image
M-000002,A-000002,B-000002,source_a.pdf,source_b.pdf,9,,,9,,,(540) logo,(540) logo,T/2020/010613,T/2020/010613,True,1.0,EXACT_VISUAL_IDENTITY,identical_source_image
M-000003,A-000003,B-000003,source_a.pdf,source_b.pdf,11,,,11,,,(540) logo,(540) logo,T/2020/010768,T/2020/010768,True,1.0,EXACT_VISUAL_IDENTITY,identical_source_image
M-000004,A-000004,B-000004,source_a.pdf,source_b.pdf,13,,,13,,,(540) logo,(540) logo,T/2021/000515,T/2021/000515,True,1.0,EXACT_VISUAL_IDENTITY,identical_source_image
M-000005,A-000005,B-000005,source_a.pdf,source_b.pdf,15,,,15,,,(540) logo,(540) logo,T/2021/000563,T/2021/000563,True,1.0,EXACT_VISUAL_IDENTITY,identical_source_image
M-000006,A-000006,B-000006,source_a.pdf,source_b.pdf,17,,,17,,,(540) logo,(540) logo,T/2021/001439,T/2021/001439,True,1.0,EXACT_VISUAL_IDENTITY,identical_source_image
M-000007,A-000007,B-000007,source_a.pdf,source_b.pdf,19,,,19,,,(540) logo,(540) logo,T/2021/001440,T/2021/001440,True,1.0,EXACT_VISUAL_IDENTITY,identical_source_image
M-000008,A-000008,B-000008,source_a.pdf,source_b.pdf,21,,,21,,,(540) logo,(540) logo,T/2021/001662,T/2021/001662,True,1.0,EXACT_VISUAL_IDENTITY,identical_source_image
M-000009,A-000009,B-000009,source_a.pdf,source_b.pdf,23,,,23,,,(540) logo,(540) logo,T/2021/001945,T/2021/001945,True,1.0,EXACT_VISUAL_IDENTITY,identical_source_image
M-000010,A-000010,B-000010,source_a.pdf,source_b.pdf,39,,,39,,,(540) logo,(540) logo,T/2021/004201,T/2021/004201,True,1.0,EXACT_VISUAL_IDENTITY,identical_source_image
M-000011,A-000011,B-000011,source_a.pdf,source_b.pdf,42,,,42,,,(540) logo,(540) logo,,,False,1.0,EXACT_VISUAL_IDENTITY,identical_source_image
M-000012,A-000012,B-000012,source_a.pdf,source_b.pdf,43,,,43,,,(540) logo,(540) logo,T/2021/006117,T/2021/006117,True,1.0,EXACT_VISUAL_IDENTITY,identical_source_image
M-000013,A-000013,B-000013,source_a.pdf,source_b.pdf,49,,,49,,,(540) logo,(540) logo,T/2021/006361,T/2021/006361,True,1.0,EXACT_VISUAL_IDENTITY,identical_source_image
M-000014,A-000014,B-000014,source_a.pdf,source_b.pdf,51,,,51,,,(540) logo,(540) logo,T/2021/006377,T/2021/006377,True,1.0,EXACT_VISUAL_IDENTITY,identical_source_image
M-000015,A-000015,B-000015,source_a.pdf,source_b.pdf,53,,,53,,,(540) logo,(540) logo,T/2021/006405,T/2021/006405,True,1.0,EXACT_VISUAL_IDENTITY,identical_source_image
M-000016,A-000016,B-000016,source_a.pdf,source_b.pdf,57,,,57,,,(540) logo,(540) logo,T/2021/006882,T/2021/006882,True,1.0,EXACT_VISUAL_IDENTITY,identical_source_image
M-000017,A-000017,B-000017,source_a.pdf,source_b.pdf,59,,,59,,,(540) logo,(540) logo,T/2021/006951,T/2021/006951,True,1.0,EXACT_VISUAL_IDENTITY,identical_source_image
M-000018,A-000018,B-000018,source_a.pdf,source_b.pdf,67,,,67,,,(540) logo,(540) logo,T/2021/007392,T/2021/007392,True,1.0,EXACT_VISUAL_IDENTITY,identical_source_image
M-000019,A-000019,B-000019,source_a.pdf,source_b.pdf,69,,,69,,,(540) logo,(540) logo,T/2021/007771,T/2021/007771,True,1.0,EXACT_VISUAL_IDENTITY,identical_source_image
M-000020,A-000020,B-000020,source_a.pdf,source_b.pdf,71,,,71,,,(540) logo,(540) logo,T/2021/007894,T/2021/007894,True,1.0,EXACT_VISUAL_IDENTITY,identical_source_image
M-000021,A-000021,B-000021,source_a.pdf,source_b.pdf,73,,,73,,,(540) logo,(540) logo,T/2021/008032,T/2021/008032,True,1.0,EXACT_VISUAL_IDENTITY,identical_source_image
M-000022,A-000022,B-000022,source_a.pdf,source_b.pdf,75,,,75,,,(540) logo,(540) logo,T/2021/008051,T/2021/008051,True,1.0,EXACT_VISUAL_IDENTITY,identical_source_image
M-000023,A-000023,B-000023,source_a.pdf,source_b.pdf,77,,,77,,,(540) logo,(540) logo,T/2021/008052,T/2021/008052,True,1.0,EXACT_VISUAL_IDENTITY,identical_source_image
M-000024,A-000024,B-000024,source_a.pdf,source_b.pdf,85,,,85,,,(540) logo,(540) logo,T/2021/008889,T/2021/008889,True,1.0,EXACT_VISUAL_IDENTITY,identical_source_image
M-000025,A-000025,B-000025,source_a.pdf,source_b.pdf,87,,,87,,,(540) logo,(540) logo,T/2021/008984,T/2021/008984,True,1.0,EXACT_VISUAL_IDENTITY,identical_source_image
M-000026,A-000026,B-000026,source_a.pdf,source_b.pdf,89,,,89,,,(540) logo,(540) logo,T/2021/009135,T/2021/009135,True,1.0,EXACT_VISUAL_IDENTITY,identical_source_image
M-000027,A-000027,B-000027,source_a.pdf,source_b.pdf,93,,,93,,,(540) logo,(540) logo,T/2021/009231,T/2021/009231,True,1.0,EXACT_VISUAL_IDENTITY,identical_source_image
M-000028,A-000028,B-000028,source_a.pdf,source_b.pdf,95,,,95,,,(540) logo,(540) logo,T/2021/009232,T/2021/009232,True,1.0,EXACT_VISUAL_IDENTITY,identical_source_image
M-000029,A-000029,B-000029,source_a.pdf,source_b.pdf,97,,,97,,,(540) logo,(540) logo,T/2021/009317,T/2021/009317,True,1.0,EXACT_VISUAL_IDENTITY,identical_source_image
M-000030,A-000030,B-000030,source_a.pdf,source_b.pdf,99,,,99,,,(540) logo,(540) logo,T/2021/009373,T/2021/009373,True,1.0,EXACT_VISUAL_IDENTITY,identical_source_image
M-000031,A-000031,B-000031,source_a.pdf,source_b.pdf,101,,,101,,,(540) logo,(540) logo,T/2021/009487,T/2021/009487,True,1.0,EXACT_VISUAL_IDENTITY,identical_source_image
M-000032,A-000032,B-000032,source_a.pdf,source_b.pdf,105,,,105,,,(540) logo,(540) logo,T/2021/009536,T/2021/009536,True,1.0,EXACT_VISUAL_IDENTITY,identical_source_image
M-000033,A-000033,B-000033,source_a.pdf,source_b.pdf,107,,,107,,,(540) logo,(540) logo,T/2021/009570,T/2021/009570,True,1.0,EXACT_VISUAL_IDENTITY,identical_source_image
M-000034,A-000034,B-000034,source_a.pdf,source_b.pdf,109,,,109,,,(540) logo,(540) logo,T/2021/009634,T/2021/009634,True,1.0,EXACT_VISUAL_IDENTITY,identical_source_image
M-000035,A-000035,B-000035,source_a.pdf,source_b.pdf,112,,,112,,,(540) logo,(540) logo,T/2021/009756,T/2021/009756,True,1.0,EXACT_VISUAL_IDENTITY,identical_source_image
M-000036,A-000036,B-000036,source_a.pdf,source_b.pdf,115,,,115,,,(540) logo,(540) logo,T/2021/009757,T/2021/009757,True,1.0,EXACT_VISUAL_IDENTITY,identical_source_image
M-000037,A-000037,B-000037,source_a.pdf,source_b.pdf,117,,,117,,,(540) logo,(540) logo,T/2021/009812,T/2021/009812,True,1.0,EXACT_VISUAL_IDENTITY,identical_source_image
M-000038,A-000038,B-000038,source_a.pdf,source_b.pdf,119,,,119,,,(540) logo,(540) logo,T/2021/009814,T/2021/009814,True,1.0,EXACT_VISUAL_IDENTITY,identical_source_image
M-000039,A-000039,B-000039,source_a.pdf,source_b.pdf,122,,,122,,,(540) logo,(540) logo,T/2021/009815,T/2021/009815,True,1.0,EXACT_VISUAL_IDENTITY,identical_source_image
M-000040,A-000040,B-000040,source_a.pdf,source_b.pdf,124,,,124,,,(540) logo,(540) logo,T/2021/009816,T/2021/009816,True,1.0,EXACT_VISUAL_IDENTITY,identical_source_image
M-000041,A-000041,B-000041,source_a.pdf,source_b.pdf,127,,,127,,,(540) logo,(540) logo,T/2021/009826,T/2021/009826,True,1.0,EXACT_VISUAL_IDENTITY,identical_source_image
M-000042,A-000042,B-000042,source_a.pdf,source_b.pdf,130,,,130,,,(540) logo,(540) logo,T/2021/009829,T/2021/009829,True,1.0,EXACT_VISUAL_IDENTITY,identical_source_image
M-000043,A-000043,B-000043,source_a.pdf,source_b.pdf,132,,,132,,,(540) logo,(540) logo,T/2021/009833,T/2021/009833,True,1.0,EXACT_VISUAL_IDENTITY,identical_source_image
M-000044,A-000044,B-000044,source_a.pdf,source_b.pdf,134,,,134,,,(540) logo,(540) logo,T/2021/009834,T/2021/009834,True,1.0,EXACT_VISUAL_IDENTITY,identical_source_image
M-000045,A-000045,B-000045,source_a.pdf,source_b.pdf,136,,,136,,,(540) logo,(540) logo,T/2021/009835,T/2021/009835,True,1.0,EXACT_VISUAL_IDENTITY,identical_source_image
M-000046,A-000046,B-000046,source_a.pdf,source_b.pdf,138,,,138,,,(540) logo,(540) logo,T/2021/009837,T/2021/009837,True,1.0,EXACT_VISUAL_IDENTITY,identical_source_image
M-000047,A-000047,B-000047,source_a.pdf,source_b.pdf,142,,,142,,,(540) logo,(540) logo,T/2021/009981,T/2021/009981,True,1.0,EXACT_VISUAL_IDENTITY,identical_source_image
M-000048,A-000048,B-000048,source_a.pdf,source_b.pdf,153,,,153,,,(540) logo,(540) logo,T/2021/010003,T/2021/010003,True,1.0,EXACT_VISUAL_IDENTITY,identical_source_image
M-000049,A-000049,B-000049,source_a.pdf,source_b.pdf,159,,,159,,,(540) logo,(540) logo,T/2021/010118,T/2021/010118,True,1.0,EXACT_VISUAL_IDENTITY,identical_source_image
M-000050,A-000050,B-000050,source_a.pdf,source_b.pdf,161,,,161,,,(540) logo,(540) logo,T/2021/010119,T/2021/010119,True,1.0,EXACT_VISUAL_IDENTITY,identical_source_image
M-000051,A-000051,B-000051,source_a.pdf,source_b.pdf,163,,,163,,,(540) logo,(540) logo,T/2021/010122,T/2021/010122,True,1.0,EXACT_VISUAL_IDENTITY,identical_source_image
M-000052,A-000052,B-000052,source_a.pdf,source_b.pdf,165,,,165,,,(540) logo,(540) logo,T/2021/010123,T/2021/010123,True,1.0,EXACT_VISUAL_IDENTITY,identical_source_image
M-000053,A-000053,B-000053,source_a.pdf,source_b.pdf,171,,,171,,,(540) logo,(540) logo,T/2021/010235,T/2021/010235,True,1.0,EXACT_VISUAL_IDENTITY,identical_source_image
M-000054,A-000054,B-000054,source_a.pdf,source_b.pdf,179,,,179,,,(540) logo,(540) logo,T/2021/010283,T/2021/010283,True,1.0,EXACT_VISUAL_IDENTITY,identical_source_image
M-000055,A-000055,B-000055,source_a.pdf,source_b.pdf,182,,,182,,,(540) logo,(540) logo,T/2021/010284,T/2021/010284,True,1.0,EXACT_VISUAL_IDENTITY,identical_source_image
M-000056,A-000056,B-000056,source_a.pdf,source_b.pdf,194,,,194,,,(540) logo,(540) logo,T/2021/010333,T/2021/010333,True,1.0,EXACT_VISUAL_IDENTITY,identical_source_image
M-000057,A-000057,B-000057,source_a.pdf,source_b.pdf,196,,,196,,,(540) logo,(540) logo,T/2021/010335,T/2021/010335,True,1.0,EXACT_VISUAL_IDENTITY,identical_source_image
M-000058,A-000058,B-000058,source_a.pdf,source_b.pdf,202,,,202,,,(540) logo,(540) logo,T/2021/010337,T/2021/010337,True,1.0,EXACT_VISUAL_IDENTITY,identical_source_image
M-000059,A-000059,B-000059,source_a.pdf,source_b.pdf,208,,,208,,,(540) logo,(540) logo,T/2021/010340,T/2021/010340,True,1.0,EXACT_VISUAL_IDENTITY,identical_source_image
M-000060,A-000060,B-000060,source_a.pdf,source_b.pdf,214,,,214,,,(540) logo,(540) logo,T/2021/010342,T/2021/010342,True,1.0,EXACT_VISUAL_IDENTITY,identical_source_image
M-000061,A-000061,B-000061,source_a.pdf,source_b.pdf,220,,,220,,,(540) logo,(540) logo,T/2021/010406,T/2021/010406,True,1.0,EXACT_VISUAL_IDENTITY,identical_source_image
M-000062,A-000062,B-000062,source_a.pdf,source_b.pdf,222,,,222,,,(540) logo,(540) logo,T/2021/010509,T/2021/010509,True,1.0,EXACT_VISUAL_IDENTITY,identical_source_image
M-000063,A-000063,B-000063,source_a.pdf,source_b.pdf,224,,,224,,,(540) logo,(540) logo,T/2021/010529,T/2021/010529,True,1.0,EXACT_VISUAL_IDENTITY,identical_source_image
M-000064,A-000064,B-000064,source_a.pdf,source_b.pdf,226,,,226,,,(540) logo,(540) logo,T/2021/011131,T/2021/011131,True,1.0,EXACT_VISUAL_IDENTITY,identical_source_image
M-000065,A-000065,B-000065,source_a.pdf,source_b.pdf,228,,,228,,,(540) logo,(540) logo,T/2021/011160,T/2021/011160,True,1.0,EXACT_VISUAL_IDENTITY,identical_source_image
M-000066,A-000066,B-000066,source_a.pdf,source_b.pdf,230,,,230,,,(540) logo,(540) logo,T/2021/011181,T/2021/011181,True,1.0,EXACT_VISUAL_IDENTITY,identical_source_image
M-000067,A-000067,B-000067,source_a.pdf,source_b.pdf,235,,,235,,,(540) logo,(540) logo,T/2021/011314,T/2021/011314,True,1.0,EXACT_VISUAL_IDENTITY,identical_source_image
M-000068,A-000068,B-000068,source_a.pdf,source_b.pdf,237,,,237,,,(540) logo,(540) logo,T/2021/011489,T/2021/011489,True,1.0,EXACT_VISUAL_IDENTITY,identical_source_image
M-000069,A-000069,B-000069,source_a.pdf,source_b.pdf,240,,,240,,,(540) logo,(540) logo,T/2021/011490,T/2021/011490,True,1.0,EXACT_VISUAL_IDENTITY,identical_source_image
M-000070,A-000070,B-000070,source_a.pdf,source_b.pdf,257,,,257,,,(540) logo,(540) logo,T/2021/011534,T/2021/011534,True,1.0,EXACT_VISUAL_IDENTITY,identical_source_image
M-000071,A-000071,B-000071,source_a.pdf,source_b.pdf,259,,,259,,,(540) logo,(540) logo,T/2021/011538,T/2021/011538,True,1.0,EXACT_VISUAL_IDENTITY,identical_source_image
M-000072,A-000072,B-000072,source_a.pdf,source_b.pdf,261,,,261,,,(540) logo,(540) logo,T/2021/011540,T/2021/011540,True,1.0,EXACT_VISUAL_IDENTITY,identical_source_image
M-000073,A-000073,B-000073,source_a.pdf,source_b.pdf,285,,,285,,,(540) logo,(540) logo,T/2021/011834,T/2021/011834,True,1.0,EXACT_VISUAL_IDENTITY,identical_source_image
M-000074,A-000074,B-000074,source_a.pdf,source_b.pdf,287,,,287,,,(540) logo,(540) logo,T/2021/011874,T/2021/011874,True,1.0,EXACT_VISUAL_IDENTITY,identical_source_image
M-000075,A-000075,B-000075,source_a.pdf,source_b.pdf,289,,,289,,,(540) logo,(540) logo,T/2021/012105,T/2021/012105,True,1.0,EXACT_VISUAL_IDENTITY,identical_source_image
M-000076,A-000076,B-000076,source_a.pdf,source_b.pdf,296,,,296,,,(540) logo,(540) logo,T/2021/012141,T/2021/012141,True,1.0,EXACT_VISUAL_IDENTITY,identical_source_image
M-000077,A-000077,B-000077,source_a.pdf,source_b.pdf,298,,,298,,,(540) logo,(540) logo,T/2021/012408,T/2021/012408,True,1.0,EXACT_VISUAL_IDENTITY,identical_source_image
M-000078,A-000078,B-000078,source_a.pdf,source_b.pdf,300,,,300,,,(540) logo,(540) logo,T/2021/012444,T/2021/012444,True,1.0,EXACT_VISUAL_IDENTITY,identical_source_image
M-000079,A-000079,B-000079,source_a.pdf,source_b.pdf,302,,,302,,,(540) logo,(540) logo,T/2021/012597,T/2021/012597,True,1.0,EXACT_VISUAL_IDENTITY,identical_source_image
M-000080,A-000080,B-000080,source_a.pdf,source_b.pdf,304,,,304,,,(540) logo,(540) logo,T/2021/012662,T/2021/012662,True,1.0,EXACT_VISUAL_IDENTITY,identical_source_image
M-000081,A-000081,B-000081,source_a.pdf,source_b.pdf,306,,,306,,,(540) logo,(540) logo,T/2021/012665,T/2021/012665,True,1.0,EXACT_VISUAL_IDENTITY,identical_source_image
M-000082,A-000082,B-000082,source_a.pdf,source_b.pdf,308,,,308,,,(540) logo,(540) logo,T/2021/012666,T/2021/012666,True,1.0,EXACT_VISUAL_IDENTITY,identical_source_image
M-000083,A-000083,B-000083,source_a.pdf,source_b.pdf,310,,,310,,,(540) logo,(540) logo,T/2021/013022,T/2021/013022,True,1.0,EXACT_VISUAL_IDENTITY,identical_source_image
M-000084,A-000084,B-000084,source_a.pdf,source_b.pdf,312,,,312,,,(540) logo,(540) logo,T/2021/013041,T/2021/013041,True,1.0,EXACT_VISUAL_IDENTITY,identical_source_image
M-000085,A-000085,B-000085,source_a.pdf,source_b.pdf,315,,,315,,,(540) logo,(540) logo,T/2021/013043,T/2021/013043,True,1.0,EXACT_VISUAL_IDENTITY,identical_source_image
M-000086,A-000086,B-000086,source_a.pdf,source_b.pdf,317,,,317,,,(540) logo,(540) logo,T/2021/013102,T/2021/013102,True,1.0,EXACT_VISUAL_IDENTITY,identical_source_image
M-000087,A-000087,B-000087,source_a.pdf,source_b.pdf,323,,,323,,,(540) logo,(540) logo,T/2021/013162,T/2021/013162,True,1.0,EXACT_VISUAL_IDENTITY,identical_source_image
M-000088,A-000088,B-000088,source_a.pdf,source_b.pdf,325,,,325,,,(540) logo,(540) logo,T/2021/013163,T/2021/013163,True,1.0,EXACT_VISUAL_IDENTITY,identical_source_image
M-000089,A-000089,B-000089,source_a.pdf,source_b.pdf,335,,,335,,,(540) logo,(540) logo,T/2021/013547,T/2021/013547,True,1.0,EXACT_VISUAL_IDENTITY,identical_source_image
M-000090,A-000090,B-000090,source_a.pdf,source_b.pdf,337,,,337,,,(540) logo,(540) logo,T/2021/013548,T/2021/013548,True,1.0,EXACT_VISUAL_IDENTITY,identical_source_image
M-000091,A-000091,B-000091,source_a.pdf,source_b.pdf,339,,,339,,,(540) logo,(540) logo,T/2021/013565,T/2021/013565,True,1.0,EXACT_VISUAL_IDENTITY,identical_source_image
M-000092,A-000092,B-000092,source_a.pdf,source_b.pdf,346,,,346,,,(540) logo,(540) logo,T/2021/013568,T/2021/013568,True,1.0,EXACT_VISUAL_IDENTITY,identical_source_image
M-000093,A-000093,B-000093,source_a.pdf,source_b.pdf,352,,,352,,,(540) logo,(540) logo,T/2021/013569,T/2021/013569,True,1.0,EXACT_VISUAL_IDENTITY,identical_source_image
M-000094,A-000094,B-000094,source_a.pdf,source_b.pdf,360,,,360,,,(540) logo,(540) logo,T/2021/013742,T/2021/013742,True,1.0,EXACT_VISUAL_IDENTITY,identical_source_image
M-000095,A-000095,B-000095,source_a.pdf,source_b.pdf,370,,,370,,,(540) logo,(540) logo,T/2021/013750,T/2021/013750,True,1.0,EXACT_VISUAL_IDENTITY,identical_source_image
M-000096,A-000096,B-000096,source_a.pdf,source_b.pdf,393,,,393,,,(540) logo,(540) logo,T/2021/013908,T/2021/013908,True,1.0,EXACT_VISUAL_IDENTITY,identical_source_image
M-000097,A-000097,B-000097,source_a.pdf,source_b.pdf,395,,,395,,,(540) logo,(540) logo,T/2021/013951,T/2021/013951,True,1.0,EXACT_VISUAL_IDENTITY,identical_source_image
M-000098,A-000098,B-000098,source_a.pdf,source_b.pdf,399,,,399,,,(540) logo,(540) logo,T/2021/013957,T/2021/013957,True,1.0,EXACT_VISUAL_IDENTITY,identical_source_image
M-000099,A-000099,B-000099,source_a.pdf,source_b.pdf,401,,,401,,,(540) logo,(540) logo,T/2021/014089,T/2021/014089,True,1.0,EXACT_VISUAL_IDENTITY,identical_source_image
M-000100,A-000100,B-000100,source_a.pdf,source_b.pdf,403,,,403,,,(540) logo,(540) logo,T/2021/014118,T/2021/014118,True,1.0,EXACT_VISUAL_IDENTITY,identical_source_image
M-000101,A-000101,B-000101,source_a.pdf,source_b.pdf,418,,,418,,,(540) logo,(540) logo,T/2021/014248,T/2021/014248,True,1.0,EXACT_VISUAL_IDENTITY,identical_source_image
M-000102,A-000102,B-000102,source_a.pdf,source_b.pdf,420,,,420,,,(540) logo,(540) logo,T/2021/014255,T/2021/014255,True,1.0,EXACT_VISUAL_IDENTITY,identical_source_image
M-000103,A-000103,B-000103,source_a.pdf,source_b.pdf,422,,,422,,,(540) logo,(540) logo,T/2021/014256,T/2021/014256,True,1.0,EXACT_VISUAL_IDENTITY,identical_source_image
M-000104,A-000104,B-000104,source_a.pdf,source_b.pdf,424,,,424,,,(540) logo,(540) logo,T/2021/014258,T/2021/014258,True,1.0,EXACT_VISUAL_IDENTITY,identical_source_image
M-000105,A-000105,B-000105,source_a.pdf,source_b.pdf,426,,,426,,,(540) logo,(540) logo,T/2021/014259,T/2021/014259,True,1.0,EXACT_VISUAL_IDENTITY,identical_source_image
M-000106,A-000106,B-000106,source_a.pdf,source_b.pdf,428,,,428,,,(540) logo,(540) logo,T/2021/014352,T/2021/014352,True,1.0,EXACT_VISUAL_IDENTITY,identical_source_image
M-000107,A-000107,B-000107,source_a.pdf,source_b.pdf,430,,,430,,,(540) logo,(540) logo,T/2021/014391,T/2021/014391,True,1.0,EXACT_VISUAL_IDENTITY,identical_source_image
M-000108,A-000108,B-000108,source_a.pdf,source_b.pdf,433,,,433,,,(540) logo,(540) logo,T/2021/014411,T/2021/014411,True,1.0,EXACT_VISUAL_IDENTITY,identical_source_image
M-000109,A-000109,B-000109,source_a.pdf,source_b.pdf,435,,,435,,,(540) logo,(540) logo,T/2021/014412,T/2021/014412,True,1.0,EXACT_VISUAL_IDENTITY,identical_source_image
M-000110,A-000110,B-000110,source_a.pdf,source_b.pdf,437,,,437,,,(540) logo,(540) logo,T/2021/014427,T/2021/014427,True,1.0,EXACT_VISUAL_IDENTITY,identical_source_image
M-000111,A-000111,B-000111,source_a.pdf,source_b.pdf,439,,,439,,,(540) logo,(540) logo,T/2021/014437,T/2021/014437,True,1.0,EXACT_VISUAL_IDENTITY,identical_source_image
M-000112,A-000112,B-000112,source_a.pdf,source_b.pdf,445,,,445,,,(540) logo,(540) logo,T/2021/014560,T/2021/014560,True,1.0,EXACT_VISUAL_IDENTITY,identical_source_image
M-000113,A-000113,B-000113,source_a.pdf,source_b.pdf,449,,,449,,,(540) logo,(540) logo,T/2021/014573,T/2021/014573,True,1.0,EXACT_VISUAL_IDENTITY,identical_source_image
M-000114,A-000114,B-000114,source_a.pdf,source_b.pdf,455,,,455,,,(540) logo,(540) logo,T/2021/014583,T/2021/014583,True,1.0,EXACT_VISUAL_IDENTITY,identical_source_image
M-000115,A-000115,B-000115,source_a.pdf,source_b.pdf,457,,,457,,,(540) logo,(540) logo,T/2021/014584,T/2021/014584,True,1.0,EXACT_VISUAL_IDENTITY,identical_source_image
M-000116,A-000116,B-000116,source_a.pdf,source_b.pdf,459,,,459,,,(540) logo,(540) logo,T/2021/014585,T/2021/014585,True,1.0,EXACT_VISUAL_IDENTITY,identical_source_image
M-000117,A-000117,B-000117,source_a.pdf,source_b.pdf,465,,,465,,,(540) logo,(540) logo,T/2021/014611,T/2021/014611,True,1.0,EXACT_VISUAL_IDENTITY,identical_source_image
M-000118,A-000118,B-000118,source_a.pdf,source_b.pdf,467,,,467,,,(540) logo,(540) logo,T/2021/014618,T/2021/014618,True,1.0,EXACT_VISUAL_IDENTITY,identical_source_image
M-000119,A-000119,B-000119,source_a.pdf,source_b.pdf,471,,,471,,,(540) logo,(540) logo,T/2021/014633,T/2021/014633,True,1.0,EXACT_VISUAL_IDENTITY,identical_source_image
M-000120,A-000120,B-000120,source_a.pdf,source_b.pdf,474,,,474,,,(540) logo,(540) logo,T/2021/014638,T/2021/014638,True,1.0,EXACT_VISUAL_IDENTITY,identical_source_image
M-000121,A-000121,B-000121,source_a.pdf,source_b.pdf,476,,,476,,,(540) logo,(540) logo,T/2021/014640,T/2021/014640,True,1.0,EXACT_VISUAL_IDENTITY,identical_source_image
M-000122,A-000122,B-000122,source_a.pdf,source_b.pdf,479,,,479,,,(540) logo,(540) logo,T/2021/014644,T/2021/014644,True,1.0,EXACT_VISUAL_IDENTITY,identical_source_image
M-000123,A-000123,B-000123,source_a.pdf,source_b.pdf,482,,,482,,,(540) logo,(540) logo,T/2021/014645,T/2021/014645,True,1.0,EXACT_VISUAL_IDENTITY,identical_source_image
M-000124,A-000124,B-000124,source_a.pdf,source_b.pdf,485,,,485,,,(540) logo,(540) logo,T/2021/014647,T/2021/014647,True,1.0,EXACT_VISUAL_IDENTITY,identical_source_image
M-000125,A-000125,B-000125,source_a.pdf,source_b.pdf,487,,,487,,,(540) logo,(540) logo,T/2021/014649,T/2021/014649,True,1.0,EXACT_VISUAL_IDENTITY,identical_source_image
M-000126,A-000126,B-000126,source_a.pdf,source_b.pdf,489,,,489,,,(540) logo,(540) logo,T/2021/014704,T/2021/014704,True,1.0,EXACT_VISUAL_IDENTITY,identical_source_image
M-000127,A-000127,B-000127,source_a.pdf,source_b.pdf,491,,,491,,,(540) logo,(540) logo,T/2021/014777,T/2021/014777,True,1.0,EXACT_VISUAL_IDENTITY,identical_source_image
M-000128,A-000128,B-000128,source_a.pdf,source_b.pdf,495,,,495,,,(540) logo,(540) logo,T/2021/014829,T/2021/014829,True,1.0,EXACT_VISUAL_IDENTITY,identical_source_image
M-000129,A-000129,B-000129,source_a.pdf,source_b.pdf,497,,,497,,,(540) logo,(540) logo,T/2021/014831,T/2021/014831,True,1.0,EXACT_VISUAL_IDENTITY,identical_source_image
M-000130,A-000130,B-000130,source_a.pdf,source_b.pdf,513,,,513,,,(540) logo,(540) logo,T/2021/014952,T/2021/014952,True,1.0,EXACT_VISUAL_IDENTITY,identical_source_image
M-000131,A-000131,B-000131,source_a.pdf,source_b.pdf,517,,,517,,,(540) logo,(540) logo,T/2021/014953,T/2021/014953,True,1.0,EXACT_VISUAL_IDENTITY,identical_source_image
M-000132,A-000132,B-000132,source_a.pdf,source_b.pdf,535,,,535,,,(540) logo,(540) logo,T/2021/014969,T/2021/014969,True,1.0,EXACT_VISUAL_IDENTITY,identical_source_image
M-000133,A-000133,B-000133,source_a.pdf,source_b.pdf,537,,,537,,,(540) logo,(540) logo,T/2021/014970,T/2021/014970,True,1.0,EXACT_VISUAL_IDENTITY,identical_source_image
M-000134,A-000134,B-000134,source_a.pdf,source_b.pdf,543,,,543,,,(540) logo,(540) logo,T/2021/015065,T/2021/015065,True,1.0,EXACT_VISUAL_IDENTITY,identical_source_image
M-000135,A-000135,B-000135,source_a.pdf,source_b.pdf,549,,,549,,,(540) logo,(540) logo,T/2021/015121,T/2021/015121,True,1.0,EXACT_VISUAL_IDENTITY,identical_source_image
M-000136,A-000136,B-000136,source_a.pdf,source_b.pdf,558,,,558,,,(540) logo,(540) logo,T/2021/015225,T/2021/015225,True,1.0,EXACT_VISUAL_IDENTITY,identical_source_image
M-000137,A-000137,B-000137,source_a.pdf,source_b.pdf,569,,,569,,,(540) logo,(540) logo,T/2021/015228,T/2021/015228,True,1.0,EXACT_VISUAL_IDENTITY,identical_source_image
M-000138,A-000138,B-000138,source_a.pdf,source_b.pdf,585,,,585,,,(540) logo,(540) logo,T/2021/015265,T/2021/015265,True,1.0,EXACT_VISUAL_IDENTITY,identical_source_image
M-000139,A-000139,B-000139,source_a.pdf,source_b.pdf,587,,,587,,,(540) logo,(540) logo,T/2021/015400,T/2021/015400,True,1.0,EXACT_VISUAL_IDENTITY,identical_source_image
M-000140,A-000140,B-000140,source_a.pdf,source_b.pdf,591,,,591,,,(540) logo,(540) logo,T/2021/015492,T/2021/015492,True,1.0,EXACT_VISUAL_IDENTITY,identical_source_image
M-000141,A-000141,B-000141,source_a.pdf,source_b.pdf,599,,,599,,,(540) logo,(540) logo,T/2021/015564,T/2021/015564,True,1.0,EXACT_VISUAL_IDENTITY,identical_source_image
M-000142,A-000142,B-000142,source_a.pdf,source_b.pdf,603,,,603,,,(540) logo,(540) logo,T/2021/015566,T/2021/015566,True,1.0,EXACT_VISUAL_IDENTITY,identical_source_image
M-000143,A-000143,B-000143,source_a.pdf,source_b.pdf,606,,,606,,,(540) logo,(540) logo,T/2021/016105,T/2021/016105,True,1.0,EXACT_VISUAL_IDENTITY,identical_source_image
M-000144,A-000144,B-000144,source_a.pdf,source_b.pdf,608,,,608,,,(540) logo,(540) logo,T/2021/016107,T/2021/016107,True,1.0,EXACT_VISUAL_IDENTITY,identical_source_image
M-000145,A-000145,B-000145,source_a.pdf,source_b.pdf,610,,,610,,,(540) logo,(540) logo,T/2021/016710,T/2021/016710,True,1.0,EXACT_VISUAL_IDENTITY,identical_source_image
M-000146,A-000146,B-000146,source_a.pdf,source_b.pdf,612,,,612,,,(540) logo,(540) logo,T/2021/016772,T/2021/016772,True,1.0,EXACT_VISUAL_IDENTITY,identical_source_image
M-000147,A-000147,B-000147,source_a.pdf,source_b.pdf,614,,,614,,,(540) logo,(540) logo,T/2021/016788,T/2021/016788,True,1.0,EXACT_VISUAL_IDENTITY,identical_source_image
M-000148,A-000148,B-000148,source_a.pdf,source_b.pdf,616,,,616,,,(540) logo,(540) logo,T/2021/017313,T/2021/017313,True,1.0,EXACT_VISUAL_IDENTITY,identical_source_image
M-000149,A-000149,B-000149,source_a.pdf,source_b.pdf,622,,,622,,,(540) logo,(540) logo,T/2021/017966,T/2021/017966,True,1.0,EXACT_VISUAL_IDENTITY,identical_source_image
M-000150,A-000150,B-000150,source_a.pdf,source_b.pdf,624,,,624,,,(540) logo,(540) logo,T/2021/018017,T/2021/018017,True,1.0,EXACT_VISUAL_IDENTITY,identical_source_image
M-000151,A-000151,B-000151,source_a.pdf,source_b.pdf,628,,,628,,,(540) logo,(540) logo,T/2021/018213,T/2021/018213,True,1.0,EXACT_VISUAL_IDENTITY,identical_source_image
M-000152,A-000152,B-000152,source_a.pdf,source_b.pdf,630,,,630,,,(540) logo,(540) logo,T/2021/018254,T/2021/018254,True,1.0,EXACT_VISUAL_IDENTITY,identical_source_image
M-000153,A-000153,B-000153,source_a.pdf,source_b.pdf,634,,,634,,,(540) logo,(540) logo,T/2021/018380,T/2021/018380,True,1.0,EXACT_VISUAL_IDENTITY,identical_source_image
M-000154,A-000154,B-000154,source_a.pdf,source_b.pdf,636,,,636,,,(540) logo,(540) logo,T/2021/018383,T/2021/018383,True,1.0,EXACT_VISUAL_IDENTITY,identical_source_image
M-000155,A-000155,B-000155,source_a.pdf,source_b.pdf,640,,,640,,,(540) logo,(540) logo,T/2021/018387,T/2021/018387,True,1.0,EXACT_VISUAL_IDENTITY,identical_source_image
M-000156,A-000156,B-000156,source_a.pdf,source_b.pdf,642,,,642,,,(540) logo,(540) logo,T/2021/018422,T/2021/018422,True,1.0,EXACT_VISUAL_IDENTITY,identical_source_image
M-000157,A-000157,B-000157,source_a.pdf,source_b.pdf,644,,,644,,,(540) logo,(540) logo,T/2021/018423,T/2021/018423,True,1.0,EXACT_VISUAL_IDENTITY,identical_source_image
M-000158,A-000158,B-000158,source_a.pdf,source_b.pdf,646,,,646,,,(540) logo,(540) logo,T/2021/018430,T/2021/018430,True,1.0,EXACT_VISUAL_IDENTITY,identical_source_image
M-000159,A-000159,B-000159,source_a.pdf,source_b.pdf,648,,,648,,,(540) logo,(540) logo,T/2021/018471,T/2021/018471,True,1.0,EXACT_VISUAL_IDENTITY,identical_source_image
M-000160,A-000160,B-000160,source_a.pdf,source_b.pdf,650,,,650,,,(540) logo,(540) logo,T/2021/018519,T/2021/018519,True,1.0,EXACT_VISUAL_IDENTITY,identical_source_image
M-000161,A-000161,B-000161,source_a.pdf,source_b.pdf,652,,,652,,,(540) logo,(540) logo,T/2021/018555,T/2021/018555,True,1.0,EXACT_VISUAL_IDENTITY,identical_source_image
M-000162,A-000162,B-000162,source_a.pdf,source_b.pdf,654,,,654,,,(540) logo,(540) logo,T/2021/018556,T/2021/018556,True,1.0,EXACT_VISUAL_IDENTITY,identical_source_image
M-000163,A-000163,B-000163,source_a.pdf,source_b.pdf,660,,,660,,,(540) logo,(540) logo,T/2021/018580,T/2021/018580,True,1.0,EXACT_VISUAL_IDENTITY,identical_source_image
M-000164,A-000164,B-000164,source_a.pdf,source_b.pdf,662,,,662,,,(540) logo,(540) logo,T/2021/018600,T/2021/018600,True,1.0,EXACT_VISUAL_IDENTITY,identical_source_image
M-000165,A-000165,B-000165,source_a.pdf,source_b.pdf,664,,,664,,,(540) logo,(540) logo,T/2021/018603,T/2021/018603,True,1.0,EXACT_VISUAL_IDENTITY,identical_source_image
M-000166,A-000166,B-000166,source_a.pdf,source_b.pdf,666,,,666,,,(540) logo,(540) logo,T/2021/018604,T/2021/018604,True,1.0,EXACT_VISUAL_IDENTITY,identical_source_image
M-000167,A-000167,B-000167,source_a.pdf,source_b.pdf,668,,,668,,,(540) logo,(540) logo,T/2021/018605,T/2021/018605,True,1.0,EXACT_VISUAL_IDENTITY,identical_source_image
M-000168,A-000168,B-000168,source_a.pdf,source_b.pdf,670,,,670,,,(540) logo,(540) logo,T/2021/018606,T/2021/018606,True,1.0,EXACT_VISUAL_IDENTITY,identical_source_image
M-000169,A-000169,B-000169,source_a.pdf,source_b.pdf,672,,,672,,,(540) logo,(540) logo,T/2021/018607,T/2021/018607,True,1.0,EXACT_VISUAL_IDENTITY,identical_source_image
M-000170,A-000170,B-000170,source_a.pdf,source_b.pdf,676,,,676,,,(540) logo,(540) logo,T/2021/018646,T/2021/018646,True,1.0,EXACT_VISUAL_IDENTITY,identical_source_image
M-000171,A-000171,B-000171,source_a.pdf,source_b.pdf,678,,,678,,,(540) logo,(540) logo,T/2021/018655,T/2021/018655,True,1.0,EXACT_VISUAL_IDENTITY,identical_source_image
M-000172,A-000172,B-000172,source_a.pdf,source_b.pdf,680,,,680,,,(540) logo,(540) logo,T/2021/018658,T/2021/018658,True,1.0,EXACT_VISUAL_IDENTITY,identical_source_image
M-000173,A-000173,B-000173,source_a.pdf,source_b.pdf,682,,,682,,,(540) logo,(540) logo,T/2021/018659,T/2021/018659,True,1.0,EXACT_VISUAL_IDENTITY,identical_source_image
M-000174,A-000174,B-000174,source_a.pdf,source_b.pdf,684,,,684,,,(540) logo,(540) logo,T/2021/018660,T/2021/018660,True,1.0,EXACT_VISUAL_IDENTITY,identical_source_image
M-000175,A-000175,B-000175,source_a.pdf,source_b.pdf,689,,,689,,,(540) logo,(540) logo,T/2021/018736,T/2021/018736,True,1.0,EXACT_VISUAL_IDENTITY,identical_source_image
M-000176,A-000176,B-000176,source_a.pdf,source_b.pdf,691,,,691,,,(540) logo,(540) logo,T/2021/018737,T/2021/018737,True,1.0,EXACT_VISUAL_IDENTITY,identical_source_image
M-000177,A-000177,B-000177,source_a.pdf,source_b.pdf,693,,,693,,,(540) logo,(540) logo,T/2021/018738,T/2021/018738,True,1.0,EXACT_VISUAL_IDENTITY,identical_source_image
M-000178,A-000178,B-000178,source_a.pdf,source_b.pdf,695,,,695,,,(540) logo,(540) logo,T/2021/018739,T/2021/018739,True,1.0,EXACT_VISUAL_IDENTITY,identical_source_image
M-000179,A-000179,B-000179,source_a.pdf,source_b.pdf,697,,,697,,,(540) logo,(540) logo,T/2021/018740,T/2021/018740,True,1.0,EXACT_VISUAL_IDENTITY,identical_source_image
M-000180,A-000180,B-000180,source_a.pdf,source_b.pdf,699,,,699,,,(540) logo,(540) logo,T/2021/018741,T/2021/018741,True,1.0,EXACT_VISUAL_IDENTITY,identical_source_image
M-000181,A-000181,B-000181,source_a.pdf,source_b.pdf,701,,,701,,,(540) logo,(540) logo,T/2021/018742,T/2021/018742,True,1.0,EXACT_VISUAL_IDENTITY,identical_source_image
M-000182,A-000182,B-000182,source_a.pdf,source_b.pdf,707,,,707,,,(540) logo,(540) logo,T/2021/018764,T/2021/018764,True,1.0,EXACT_VISUAL_IDENTITY,identical_source_image
M-000183,A-000183,B-000183,source_a.pdf,source_b.pdf,709,,,709,,,(540) logo,(540) logo,T/2021/018765,T/2021/018765,True,1.0,EXACT_VISUAL_IDENTITY,identical_source_image
M-000184,A-000184,B-000184,source_a.pdf,source_b.pdf,713,,,713,,,(540) logo,(540) logo,T/2021/018825,T/2021/018825,True,1.0,EXACT_VISUAL_IDENTITY,identical_source_image
M-000185,A-000185,B-000185,source_a.pdf,source_b.pdf,722,,,722,,,(540) logo,(540) logo,T/2021/018859,T/2021/018859,True,1.0,EXACT_VISUAL_IDENTITY,identical_source_image
M-000186,A-000186,B-000186,source_a.pdf,source_b.pdf,725,,,725,,,(540) logo,(540) logo,T/2021/018903,T/2021/018903,True,1.0,EXACT_VISUAL_IDENTITY,identical_source_image
M-000187,A-000187,B-000187,source_a.pdf,source_b.pdf,731,,,731,,,(540) logo,(540) logo,T/2021/018962,T/2021/018962,True,1.0,EXACT_VISUAL_IDENTITY,identical_source_image
M-000188,A-000188,B-000188,source_a.pdf,source_b.pdf,733,,,733,,,(540) logo,(540) logo,T/2021/018963,T/2021/018963,True,1.0,EXACT_VISUAL_IDENTITY,identical_source_image
M-000189,A-000189,B-000189,source_a.pdf,source_b.pdf,735,,,735,,,(540) logo,(540) logo,T/2021/018965,T/2021/018965,True,1.0,EXACT_VISUAL_IDENTITY,identical_source_image
M-000190,A-000190,B-000190,source_a.pdf,source_b.pdf,737,,,737,,,(540) logo,(540) logo,T/2021/018966,T/2021/018966,True,1.0,EXACT_VISUAL_IDENTITY,identical_source_image
M-000191,A-000191,B-000191,source_a.pdf,source_b.pdf,741,,,741,,,(540) logo,(540) logo,T/2021/018968,T/2021/018968,True,1.0,EXACT_VISUAL_IDENTITY,identical_source_image
M-000192,A-000192,B-000192,source_a.pdf,source_b.pdf,749,,,749,,,(540) logo,(540) logo,T/2021/019039,T/2021/019039,True,1.0,EXACT_VISUAL_IDENTITY,identical_source_image
M-000193,A-000193,B-000193,source_a.pdf,source_b.pdf,751,,,751,,,(540) logo,(540) logo,T/2021/019040,T/2021/019040,True,1.0,EXACT_VISUAL_IDENTITY,identical_source_image
M-000194,A-000194,B-000194,source_a.pdf,source_b.pdf,773,,,773,,,(540) logo,(540) logo,T/2021/019106,T/2021/019106,True,1.0,EXACT_VISUAL_IDENTITY,identical_source_image
M-000195,A-000195,B-000195,source_a.pdf,source_b.pdf,775,,,775,,,(540) logo,(540) logo,T/2021/019119,T/2021/019119,True,1.0,EXACT_VISUAL_IDENTITY,identical_source_image
M-000196,A-000196,B-000196,source_a.pdf,source_b.pdf,778,,,778,,,(540) logo,(540) logo,T/2021/019181,T/2021/019181,True,1.0,EXACT_VISUAL_IDENTITY,identical_source_image
M-000197,A-000197,B-000197,source_a.pdf,source_b.pdf,826,,,826,,,(540) logo,(540) logo,T/2021/019427,T/2021/019427,True,1.0,EXACT_VISUAL_IDENTITY,identical_source_image
M-000198,A-000198,B-000198,source_a.pdf,source_b.pdf,834,,,834,,,(540) logo,(540) logo,T/2021/019442,T/2021/019442,True,1.0,EXACT_VISUAL_IDENTITY,identical_source_image
M-000199,A-000199,B-000199,source_a.pdf,source_b.pdf,840,,,840,,,(540) logo,(540) logo,T/2021/019521,T/2021/019521,True,1.0,EXACT_VISUAL_IDENTITY,identical_source_image
M-000200,A-000200,B-000200,source_a.pdf,source_b.pdf,842,,,842,,,(540) logo,(540) logo,T/2021/019522,T/2021/019522,True,1.0,EXACT_VISUAL_IDENTITY,identical_source_image
M-000201,A-000201,B-000201,source_a.pdf,source_b.pdf,846,,,846,,,(540) logo,(540) logo,T/2021/019615,T/2021/019615,True,1.0,EXACT_VISUAL_IDENTITY,identical_source_image
M-000202,A-000202,B-000202,source_a.pdf,source_b.pdf,851,,,851,,,(540) logo,(540) logo,T/2021/019621,T/2021/019621,True,1.0,EXACT_VISUAL_IDENTITY,identical_source_image
M-000203,A-000203,B-000203,source_a.pdf,source_b.pdf,855,,,855,,,(540) logo,(540) logo,T/2021/019630,T/2021/019630,True,1.0,EXACT_VISUAL_IDENTITY,identical_source_image
M-000204,A-000204,B-000204,source_a.pdf,source_b.pdf,859,,,859,,,(540) logo,(540) logo,T/2021/019633,T/2021/019633,True,1.0,EXACT_VISUAL_IDENTITY,identical_source_image
M-000205,A-000205,B-000205,source_a.pdf,source_b.pdf,863,,,863,,,(540) logo,(540) logo,T/2021/019640,T/2021/019640,True,1.0,EXACT_VISUAL_IDENTITY,identical_source_image
M-000206,A-000206,B-000206,source_a.pdf,source_b.pdf,868,,,868,,,(540) logo,(540) logo,T/2021/019643,T/2021/019643,True,1.0,EXACT_VISUAL_IDENTITY,identical_source_image
M-000207,A-000207,B-000207,source_a.pdf,source_b.pdf,870,,,870,,,(540) logo,(540) logo,T/2021/019648,T/2021/019648,True,1.0,EXACT_VISUAL_IDENTITY,identical_source_image
M-000208,A-000208,B-000208,source_a.pdf,source_b.pdf,874,,,874,,,(540) logo,(540) logo,T/2021/019728,T/2021/019728,True,1.0,EXACT_VISUAL_IDENTITY,identical_source_image
M-000209,A-000209,B-000209,source_a.pdf,source_b.pdf,876,,,876,,,(540) logo,(540) logo,T/2021/019729,T/2021/019729,True,1.0,EXACT_VISUAL_IDENTITY,identical_source_image
